FAST_CAR,IS_A,CAR
NEW_BOOK,CAPABLE_OF,BIG_TREE
SHARK,MADE_OF,STAR
NEW_HOUSE,CAPABLE_OF,FAST_MOUNTAIN
OLD_BOOK,PART_OF,DOMESTIC_CITY
NEW_CLOUD,USED_FOR,SLOW_STAR
WILD_RIVER,PART_OF,SMALL_CITY
SMALL_RIVER,IS_A,MOUNTAIN
BIG_CAR,LOCATED_IN,RED_TREE
BLUE_PEN,CAPABLE_OF,NEW_MOUNTAIN
SLOW_PEN,HAS_A,RED_BOOK
FAST_BOOK,PART_OF,DOMESTIC_BOOK
BIRD,LOCATED_IN,OCEAN
EAGLE,LOCATED_IN,CITY
BIG_MOUNTAIN,LOCATED_IN,FAST_HOUSE
SLOW_RIVER,HAS_A,NEW_STAR
BLUE_RIVER,IS_A,CAR
BIRD,LOCATED_IN,JUNGLE
RED_PEN,LOCATED_IN,SLOW_MOUNTAIN
WILD_CLOUD,MADE_OF,FAST_BOOK
SHARK,IS_A,SWIMMING
SLOW_STAR,CAPABLE_OF,RED_TREE
SMALL_HOUSE,MADE_OF,RED_TREE
RED_MOUNTAIN,IS_A,BOOK
WHALE,HAS_A,BOOK
SPARROW,PART_OF,MOUNTAIN
SLOW_CITY,IS_A,STAR
OLD_HOUSE,IS_A,TREE
WHALE,HAS_A,PEN
SHARK,LOCATED_IN,CITY
BIG_CLOUD,LOCATED_IN,BIG_CITY
EAGLE,USED_FOR,CLOUD
DOG,LOCATED_IN,JUNGLE
SPARROW,IS_A,BIRD
BIG_TREE,USED_FOR,WILD_CAR
BIG_STAR,LOCATED_IN,SLOW_BOOK
DOMESTIC_STAR,CAPABLE_OF,SLOW_PEN
SLOW_CITY,HAS_A,SMALL_BOOK
WILD_BOOK,USED_FOR,BIG_CLOUD
WILD_RIVER,LOCATED_IN,DOMESTIC_MOUNTAIN
OLD_CLOUD,LOCATED_IN,BIG_TREE
BIG_MOUNTAIN,HAS_A,NEW_TREE
SPARROW,LOCATED_IN,CITY
WHALE,LOCATED_IN,SKY
BLUE_HOUSE,HAS_A,RED_PEN
CAT,LOCATED_IN,RIVER
DOG,USED_FOR,RIVER
BLUE_TREE,CAPABLE_OF,RED_CITY
OLD_RIVER,MADE_OF,SLOW_CITY
SPARROW,HAS_A,CLOUD
SMALL_STAR,PART_OF,RED_TREE
BIG_CLOUD,MADE_OF,OLD_TREE
NEW_TREE,HAS_A,RED_MOUNTAIN
SMALL_STAR,USED_FOR,OLD_CITY
SMALL_RIVER,HAS_A,BIG_CLOUD
RED_TREE,PART_OF,BIG_TREE
WILD_CAR,IS_A,RIVER
SMALL_TREE,CAPABLE_OF,OLD_HOUSE
BIG_MOUNTAIN,IS_A,CLOUD
SMALL_STAR,PART_OF,SMALL_MOUNTAIN
SLOW_CAR,IS_A,MOUNTAIN
BLUE_HOUSE,CAPABLE_OF,DOMESTIC_HOUSE
SPARROW,IS_A,PREDATOR
SMALL_STAR,IS_A,PEN
BLUE_CLOUD,LOCATED_IN,NEW_MOUNTAIN
CAT,IS_A,MAMMAL
BIG_STAR,LOCATED_IN,BLUE_CITY
OLD_RIVER,LOCATED_IN,BIG_STAR
RED_TREE,PART_OF,FAST_TREE
DOMESTIC_TREE,IS_A,CITY
OLD_RIVER,USED_FOR,DOMESTIC_PEN
LION,USED_FOR,CAR
RED_MOUNTAIN,LOCATED_IN,DOMESTIC_CAR
BLUE_STAR,PART_OF,WILD_CITY
SLOW_PEN,MADE_OF,BLUE_CITY
FAST_CAR,PART_OF,DOMESTIC_PEN
BLUE_CLOUD,IS_A,RIVER
OLD_CITY,LOCATED_IN,BIG_CLOUD
SLOW_MOUNTAIN,LOCATED_IN,BLUE_BOOK
DOMESTIC_MOUNTAIN,IS_A,BOOK
CAT,LOCATED_IN,HOUSE
DOG,USED_FOR,HOUSE
BIG_CLOUD,IS_A,PEN
BIG_TREE,IS_A,RIVER
RED_HOUSE,USED_FOR,BLUE_CITY
SLOW_CLOUD,USED_FOR,BLUE_HOUSE
SLOW_BOOK,LOCATED_IN,SLOW_TREE
EAGLE,MADE_OF,MOUNTAIN
FISH,HAS_A,CITY
DOMESTIC_BOOK,PART_OF,BIG_CITY
BIRD,PART_OF,MOUNTAIN
LION,IS_A,WILD
BLUE_MOUNTAIN,CAPABLE_OF,FAST_TREE
RED_CAR,USED_FOR,FAST_STAR
RED_MOUNTAIN,CAPABLE_OF,BLUE_STAR
BIG_MOUNTAIN,PART_OF,OLD_PEN
FISH,IS_A,SWIMMING
FISH,LOCATED_IN,FOREST
SLOW_MOUNTAIN,IS_A,TREE
DOG,MADE_OF,CITY
CAT,CAPABLE_OF,JUMP
DOG,MADE_OF,STAR
WHALE,LOCATED_IN,JUNGLE
OLD_PEN,MADE_OF,FAST_CAR
OLD_CAR,PART_OF,FAST_PEN
WILD_CLOUD,IS_A,STAR
CAT,USED_FOR,PEN
BLUE_CLOUD,IS_A,HOUSE
NEW_STAR,HAS_A,SLOW_HOUSE
WILD_HOUSE,USED_FOR,FAST_BOOK
WILD_TREE,CAPABLE_OF,BLUE_MOUNTAIN
LION,PART_OF,STAR
SLOW_PEN,LOCATED_IN,SLOW_HOUSE
BIG_CAR,LOCATED_IN,WILD_PEN
SMALL_CITY,PART_OF,WILD_HOUSE
RED_BOOK,HAS_A,DOMESTIC_MOUNTAIN
SMALL_STAR,LOCATED_IN,WILD_STAR
BLUE_STAR,MADE_OF,NEW_RIVER
BIG_TREE,USED_FOR,NEW_STAR
CAT,PART_OF,CAR
OLD_HOUSE,PART_OF,DOMESTIC_TREE
SHARK,IS_A,PET
RED_CITY,IS_A,STAR
BLUE_STAR,LOCATED_IN,RED_HOUSE
WILD_BOOK,MADE_OF,FAST_BOOK
SLOW_CLOUD,USED_FOR,OLD_CAR
BIRD,PART_OF,TREE
OLD_HOUSE,HAS_A,RED_CITY
DOMESTIC_CLOUD,LOCATED_IN,WILD_BOOK
EAGLE,USED_FOR,CAR
BLUE_MOUNTAIN,USED_FOR,DOMESTIC_PEN
RED_CAR,PART_OF,BLUE_CAR
BLUE_MOUNTAIN,MADE_OF,SLOW_TREE
DOMESTIC_CLOUD,IS_A,STAR
SHARK,CAPABLE_OF,SLEEP
DOMESTIC_CAR,HAS_A,BIG_CITY
BIG_CLOUD,MADE_OF,BLUE_STAR
NEW_PEN,PART_OF,DOMESTIC_STAR
NEW_PEN,CAPABLE_OF,FAST_MOUNTAIN
DOMESTIC_CITY,USED_FOR,OLD_RIVER
OLD_MOUNTAIN,USED_FOR,FAST_HOUSE
BIRD,USED_FOR,CAR
SPARROW,HAS_A,CAR
TIGER,PART_OF,STAR
CAT,MADE_OF,CITY
FAST_RIVER,USED_FOR,FAST_CITY
BLUE_HOUSE,USED_FOR,WILD_CAR
BIG_MOUNTAIN,MADE_OF,BLUE_CLOUD
FAST_CLOUD,USED_FOR,OLD_CAR
RED_CITY,HAS_A,SMALL_HOUSE
DOMESTIC_HOUSE,IS_A,CLOUD
BLUE_PEN,LOCATED_IN,WILD_TREE
NEW_CITY,CAPABLE_OF,NEW_TREE
NEW_HOUSE,IS_A,RIVER
TIGER,USED_FOR,MOUNTAIN
NEW_MOUNTAIN,CAPABLE_OF,SLOW_MOUNTAIN
LION,USED_FOR,TREE
RED_CITY,HAS_A,RED_CLOUD
SHARK,CAPABLE_OF,RUN
CAT,IS_A,CARNIVORE
SMALL_RIVER,MADE_OF,SLOW_CAR
BIG_RIVER,CAPABLE_OF,WILD_HOUSE
SMALL_MOUNTAIN,LOCATED_IN,BLUE_TREE
WILD_CAR,CAPABLE_OF,OLD_RIVER
BIG_CITY,PART_OF,OLD_HOUSE
BLUE_BOOK,MADE_OF,DOMESTIC_CAR
NEW_RIVER,USED_FOR,SMALL_MOUNTAIN
CAT,LOCATED_IN,FOREST
RED_PEN,LOCATED_IN,RED_PEN
BLUE_PEN,MADE_OF,BIG_CITY
OLD_CITY,LOCATED_IN,NEW_BOOK
FAST_MOUNTAIN,PART_OF,NEW_RIVER
SLOW_RIVER,MADE_OF,SMALL_RIVER
NEW_CITY,LOCATED_IN,SLOW_BOOK
FAST_BOOK,USED_FOR,NEW_CAR
WILD_CITY,CAPABLE_OF,BIG_HOUSE
OLD_CITY,LOCATED_IN,BLUE_STAR
WHALE,LOCATED_IN,CITY
DOMESTIC_CITY,LOCATED_IN,FAST_HOUSE
SMALL_RIVER,USED_FOR,BLUE_STAR
BLUE_MOUNTAIN,CAPABLE_OF,NEW_BOOK
RED_HOUSE,PART_OF,BLUE_RIVER
OLD_CLOUD,PART_OF,RED_MOUNTAIN
SLOW_TREE,IS_A,CITY
BLUE_TREE,LOCATED_IN,WILD_RIVER
EAGLE,HAS_A,PEN
DOG,PART_OF,BOOK
SLOW_TREE,CAPABLE_OF,SMALL_CAR
CAT,USED_FOR,HOUSE
TIGER,MADE_OF,HOUSE
BIG_TREE,CAPABLE_OF,SMALL_CLOUD
WHALE,MADE_OF,MOUNTAIN
SLOW_HOUSE,CAPABLE_OF,NEW_MOUNTAIN
SMALL_CITY,PART_OF,SMALL_HOUSE
RED_STAR,CAPABLE_OF,OLD_HOUSE
BIRD,CAPABLE_OF,MEOW
EAGLE,CAPABLE_OF,RUN
FAST_RIVER,LOCATED_IN,SLOW_MOUNTAIN
DOMESTIC_HOUSE,USED_FOR,FAST_CAR
LION,USED_FOR,BOOK
DOMESTIC_RIVER,LOCATED_IN,OLD_MOUNTAIN
NEW_PEN,CAPABLE_OF,FAST_CLOUD
NEW_STAR,MADE_OF,NEW_STAR
SHARK,HAS_A,PEN
FAST_PEN,LOCATED_IN,BLUE_BOOK
SLOW_CAR,LOCATED_IN,DOMESTIC_CITY
FISH,MADE_OF,TREE
DOG,IS_A,PET
BLUE_BOOK,PART_OF,BIG_CAR
SMALL_BOOK,CAPABLE_OF,BIG_PEN
NEW_CLOUD,USED_FOR,RED_CITY
BLUE_CITY,HAS_A,RED_CAR
BIG_TREE,CAPABLE_OF,WILD_TREE
WILD_PEN,IS_A,CAR
FAST_PEN,IS_A,BOOK
SHARK,IS_A,WILD
BLUE_CITY,PART_OF,WILD_RIVER
OLD_RIVER,HAS_A,OLD_TREE
OLD_HOUSE,IS_A,CITY
NEW_HOUSE,LOCATED_IN,DOMESTIC_PEN
FAST_TREE,MADE_OF,SLOW_CITY
WILD_HOUSE,LOCATED_IN,SMALL_BOOK
DOMESTIC_STAR,LOCATED_IN,BIG_RIVER
SMALL_TREE,LOCATED_IN,BLUE_CLOUD
DOMESTIC_HOUSE,LOCATED_IN,BIG_MOUNTAIN
LION,MADE_OF,CLOUD
OLD_CITY,CAPABLE_OF,FAST_CITY
BLUE_TREE,MADE_OF,SMALL_RIVER
RED_STAR,USED_FOR,FAST_HOUSE
DOMESTIC_MOUNTAIN,LOCATED_IN,NEW_CITY
SHARK,IS_A,FISH
CAT,IS_A,SWIMMING
FAST_PEN,PART_OF,RED_CAR
DOMESTIC_CITY,CAPABLE_OF,SLOW_STAR
SLOW_CITY,HAS_A,WILD_HOUSE
SMALL_PEN,IS_A,STAR
FAST_CITY,PART_OF,BLUE_RIVER
BLUE_HOUSE,HAS_A,FAST_BOOK
BLUE_RIVER,LOCATED_IN,SLOW_TREE
BIG_MOUNTAIN,IS_A,TREE
SHARK,PART_OF,CITY
TIGER,HAS_A,RIVER
BIG_MOUNTAIN,CAPABLE_OF,BLUE_CITY
DOMESTIC_PEN,CAPABLE_OF,RED_CAR
FAST_RIVER,HAS_A,FAST_PEN
TIGER,USED_FOR,BOOK
WILD_TREE,HAS_A,OLD_TREE
SLOW_CAR,PART_OF,WILD_PEN
DOMESTIC_STAR,LOCATED_IN,DOMESTIC_PEN
RED_PEN,LOCATED_IN,BLUE_STAR
SMALL_CITY,PART_OF,BIG_STAR
SMALL_RIVER,HAS_A,OLD_HOUSE
SMALL_BOOK,LOCATED_IN,BLUE_HOUSE
SMALL_STAR,PART_OF,FAST_TREE
RED_RIVER,PART_OF,SMALL_TREE
SPARROW,PART_OF,STAR
BIG_BOOK,CAPABLE_OF,DOMESTIC_CAR
BIG_PEN,LOCATED_IN,RED_STAR
FISH,MADE_OF,BOOK
OLD_CLOUD,CAPABLE_OF,SMALL_CLOUD
FAST_MOUNTAIN,USED_FOR,SLOW_RIVER
OLD_CLOUD,LOCATED_IN,SMALL_HOUSE
BLUE_RIVER,HAS_A,NEW_RIVER
BIG_CLOUD,PART_OF,NEW_CLOUD
OLD_HOUSE,LOCATED_IN,SLOW_STAR
RED_CLOUD,USED_FOR,SLOW_RIVER
SLOW_CAR,CAPABLE_OF,FAST_CITY
FAST_TREE,USED_FOR,BIG_CAR
DOMESTIC_STAR,USED_FOR,DOMESTIC_STAR
WHALE,IS_A,PET
SMALL_STAR,CAPABLE_OF,NEW_STAR
FAST_MOUNTAIN,HAS_A,OLD_CAR
SHARK,HAS_A,RIVER
OLD_CAR,MADE_OF,FAST_CLOUD
SLOW_HOUSE,HAS_A,NEW_RIVER
NEW_RIVER,CAPABLE_OF,NEW_RIVER
WILD_MOUNTAIN,IS_A,BOOK
BIRD,USED_FOR,BOOK
WILD_CAR,MADE_OF,OLD_CLOUD
NEW_CAR,PART_OF,SMALL_TREE
BLUE_CLOUD,MADE_OF,SMALL_PEN
DOG,CAPABLE_OF,SLEEP
DOG,MADE_OF,PEN
SMALL_MOUNTAIN,MADE_OF,RED_PEN
WHALE,CAPABLE_OF,SLEEP
WILD_PEN,USED_FOR,BLUE_HOUSE
FISH,CAPABLE_OF,FLY
FAST_HOUSE,IS_A,BOOK
NEW_CLOUD,MADE_OF,BLUE_MOUNTAIN
SPARROW,HAS_A,RIVER
OLD_HOUSE,HAS_A,FAST_CAR
DOMESTIC_HOUSE,PART_OF,NEW_PEN
BLUE_CAR,CAPABLE_OF,DOMESTIC_BOOK
CAT,CAPABLE_OF,FLY
FISH,LOCATED_IN,SKY
SLOW_PEN,USED_FOR,RED_STAR
SMALL_MOUNTAIN,LOCATED_IN,NEW_CAR
SLOW_RIVER,CAPABLE_OF,OLD_TREE
SMALL_HOUSE,PART_OF,BIG_HOUSE
WHALE,USED_FOR,CAR
FAST_CLOUD,CAPABLE_OF,BIG_STAR
DOG,HAS_A,PEN
SHARK,HAS_A,HOUSE
SPARROW,MADE_OF,HOUSE
FAST_BOOK,USED_FOR,DOMESTIC_RIVER
NEW_BOOK,LOCATED_IN,BIG_MOUNTAIN
BLUE_RIVER,USED_FOR,SMALL_CAR
NEW_CLOUD,PART_OF,BLUE_RIVER
DOG,IS_A,WILD
FAST_HOUSE,MADE_OF,NEW_STAR
FAST_PEN,CAPABLE_OF,WILD_STAR
SLOW_BOOK,IS_A,MOUNTAIN
RED_STAR,PART_OF,NEW_PEN
OLD_MOUNTAIN,CAPABLE_OF,OLD_CLOUD
NEW_TREE,HAS_A,SMALL_CAR
BIG_CAR,USED_FOR,WILD_CAR
OLD_HOUSE,MADE_OF,BIG_CITY
FAST_HOUSE,HAS_A,DOMESTIC_PEN
FISH,CAPABLE_OF,HUNT
WILD_STAR,LOCATED_IN,WILD_STAR
DOG,PART_OF,STAR
NEW_MOUNTAIN,MADE_OF,WILD_TREE
BLUE_STAR,IS_A,MOUNTAIN
SLOW_PEN,CAPABLE_OF,DOMESTIC_MOUNTAIN
SLOW_CAR,USED_FOR,NEW_RIVER
CAT,CAPABLE_OF,SLEEP
NEW_HOUSE,PART_OF,OLD_CLOUD
WILD_BOOK,PART_OF,OLD_PEN
BLUE_HOUSE,PART_OF,OLD_TREE
NEW_STAR,HAS_A,SMALL_BOOK
SMALL_PEN,HAS_A,OLD_TREE
RED_RIVER,PART_OF,BIG_STAR
BIRD,HAS_A,RIVER
RED_CLOUD,CAPABLE_OF,SMALL_STAR
NEW_BOOK,PART_OF,BIG_HOUSE
EAGLE,HAS_A,CLOUD
DOMESTIC_STAR,MADE_OF,WILD_MOUNTAIN
SPARROW,USED_FOR,BOOK
TIGER,MADE_OF,CAR
FAST_PEN,IS_A,CITY
BLUE_TREE,PART_OF,FAST_HOUSE
SMALL_CITY,HAS_A,DOMESTIC_MOUNTAIN
NEW_PEN,CAPABLE_OF,RED_HOUSE
RED_CAR,IS_A,TREE
SLOW_CLOUD,LOCATED_IN,NEW_CITY
FISH,CAPABLE_OF,RUN
DOG,HAS_A,RIVER
WHALE,IS_A,WILD
SMALL_RIVER,PART_OF,DOMESTIC_CLOUD
LION,PART_OF,RIVER
SHARK,HAS_A,CLOUD
FISH,HAS_A,HOUSE
WILD_TREE,LOCATED_IN,SMALL_MOUNTAIN
DOMESTIC_RIVER,IS_A,HOUSE
FAST_PEN,USED_FOR,BIG_CAR
SMALL_TREE,PART_OF,SLOW_RIVER
SLOW_CITY,LOCATED_IN,SMALL_CLOUD
SMALL_HOUSE,MADE_OF,RED_STAR
CAT,LOCATED_IN,SKY
BLUE_BOOK,MADE_OF,BIG_CLOUD
NEW_CLOUD,LOCATED_IN,BLUE_MOUNTAIN
RED_MOUNTAIN,LOCATED_IN,NEW_BOOK
RED_STAR,LOCATED_IN,NEW_RIVER
RED_TREE,LOCATED_IN,FAST_RIVER
SMALL_HOUSE,HAS_A,RED_CITY
NEW_CAR,PART_OF,WILD_MOUNTAIN
SMALL_PEN,PART_OF,SMALL_CLOUD
SMALL_CITY,IS_A,CITY
FISH,USED_FOR,HOUSE
DOMESTIC_CAR,PART_OF,SMALL_PEN
LION,HAS_A,CAR
BIG_MOUNTAIN,CAPABLE_OF,BIG_PEN
NEW_CITY,LOCATED_IN,FAST_HOUSE
BLUE_HOUSE,USED_FOR,BIG_CITY
OLD_PEN,IS_A,CLOUD
SLOW_PEN,LOCATED_IN,WILD_RIVER
WHALE,PART_OF,STAR
OLD_CAR,USED_FOR,NEW_CLOUD
SLOW_HOUSE,HAS_A,SMALL_BOOK
TIGER,CAPABLE_OF,BITE
NEW_TREE,HAS_A,FAST_HOUSE
BLUE_BOOK,MADE_OF,SLOW_HOUSE
SHARK,CAPABLE_OF,MEOW
RED_TREE,HAS_A,DOMESTIC_STAR
FAST_TREE,PART_OF,BIG_HOUSE
OLD_CLOUD,IS_A,CAR
WILD_CITY,CAPABLE_OF,FAST_TREE
DOMESTIC_BOOK,CAPABLE_OF,WILD_STAR
RED_CITY,IS_A,HOUSE
OLD_RIVER,HAS_A,DOMESTIC_MOUNTAIN
DOMESTIC_HOUSE,USED_FOR,WILD_HOUSE
SLOW_TREE,HAS_A,OLD_CLOUD
BIG_CITY,IS_A,CLOUD
WILD_RIVER,HAS_A,SLOW_CITY
CAT,HAS_A,PEN
RED_CLOUD,USED_FOR,SMALL_MOUNTAIN
SLOW_BOOK,CAPABLE_OF,DOMESTIC_RIVER
SLOW_CITY,USED_FOR,WILD_PEN
SLOW_BOOK,MADE_OF,SMALL_MOUNTAIN
SLOW_CLOUD,MADE_OF,FAST_TREE
CAT,LOCATED_IN,OCEAN
SLOW_CAR,USED_FOR,SMALL_CITY
FAST_MOUNTAIN,HAS_A,SLOW_PEN
BIRD,USED_FOR,CITY
OLD_CITY,IS_A,CAR
WILD_HOUSE,MADE_OF,SLOW_PEN
CAT,LOCATED_IN,JUNGLE
SHARK,CAPABLE_OF,SWIM
RED_BOOK,MADE_OF,DOMESTIC_MOUNTAIN
FAST_PEN,CAPABLE_OF,FAST_HOUSE
OLD_PEN,HAS_A,BLUE_MOUNTAIN
NEW_CAR,LOCATED_IN,FAST_HOUSE
BIG_CITY,USED_FOR,DOMESTIC_MOUNTAIN
SLOW_CAR,CAPABLE_OF,SLOW_CITY
EAGLE,IS_A,PREDATOR
RED_TREE,HAS_A,NEW_RIVER
WILD_BOOK,LOCATED_IN,WILD_CITY
WILD_MOUNTAIN,HAS_A,FAST_PEN
RED_CITY,MADE_OF,BLUE_MOUNTAIN
EAGLE,CAPABLE_OF,MEOW
OLD_HOUSE,PART_OF,SMALL_CLOUD
SLOW_MOUNTAIN,HAS_A,DOMESTIC_RIVER
NEW_TREE,PART_OF,DOMESTIC_CLOUD
EAGLE,HAS_A,CAR
BLUE_HOUSE,PART_OF,OLD_PEN
SLOW_CITY,CAPABLE_OF,SLOW_CITY
SLOW_CAR,CAPABLE_OF,SMALL_CITY
SPARROW,PART_OF,PEN
DOMESTIC_MOUNTAIN,PART_OF,RED_MOUNTAIN
DOMESTIC_CAR,USED_FOR,FAST_PEN
DOMESTIC_RIVER,MADE_OF,FAST_BOOK
WHALE,HAS_A,HOUSE
BLUE_PEN,LOCATED_IN,OLD_RIVER
WILD_MOUNTAIN,HAS_A,BLUE_RIVER
BIG_BOOK,MADE_OF,NEW_HOUSE
SLOW_BOOK,PART_OF,SLOW_CLOUD
LION,MADE_OF,RIVER
NEW_TREE,HAS_A,BLUE_CAR
SHARK,HAS_A,CAR
SPARROW,IS_A,FLYING
LION,PART_OF,CLOUD
OLD_CLOUD,MADE_OF,DOMESTIC_STAR
EAGLE,CAPABLE_OF,SWIM
FAST_STAR,HAS_A,FAST_STAR
EAGLE,CAPABLE_OF,BITE
SLOW_CLOUD,IS_A,PEN
FAST_CAR,LOCATED_IN,DOMESTIC_STAR
OLD_RIVER,LOCATED_IN,OLD_MOUNTAIN
SLOW_CITY,LOCATED_IN,OLD_MOUNTAIN
RED_BOOK,CAPABLE_OF,RED_CAR
TIGER,CAPABLE_OF,HUNT
SMALL_CAR,IS_A,MOUNTAIN
NEW_HOUSE,PART_OF,SMALL_HOUSE
OLD_CAR,PART_OF,BLUE_CAR
WILD_MOUNTAIN,LOCATED_IN,BIG_CITY
SLOW_BOOK,MADE_OF,SLOW_MOUNTAIN
LION,LOCATED_IN,RIVER
SMALL_RIVER,HAS_A,BLUE_CLOUD
SMALL_CLOUD,LOCATED_IN,OLD_STAR
DOMESTIC_BOOK,MADE_OF,FAST_MOUNTAIN
SMALL_RIVER,CAPABLE_OF,WILD_CAR
WILD_RIVER,MADE_OF,SMALL_RIVER
CAT,USED_FOR,RIVER
OLD_TREE,HAS_A,WILD_CLOUD
SMALL_CITY,PART_OF,RED_HOUSE
RED_MOUNTAIN,HAS_A,BIG_BOOK
OLD_HOUSE,IS_A,HOUSE
FAST_TREE,PART_OF,SLOW_STAR
SMALL_CITY,LOCATED_IN,SLOW_HOUSE
EAGLE,USED_FOR,MOUNTAIN
NEW_STAR,PART_OF,RED_HOUSE
BIG_CAR,USED_FOR,NEW_CITY
NEW_CLOUD,HAS_A,BIG_TREE
NEW_BOOK,LOCATED_IN,SMALL_MOUNTAIN
SLOW_TREE,LOCATED_IN,NEW_STAR
SMALL_PEN,HAS_A,NEW_PEN
DOMESTIC_CLOUD,PART_OF,BIG_TREE
BIG_RIVER,IS_A,HOUSE
NEW_CITY,MADE_OF,DOMESTIC_RIVER
OLD_CAR,LOCATED_IN,SLOW_PEN
TIGER,HAS_A,TREE
DOG,USED_FOR,CITY
BIG_MOUNTAIN,MADE_OF,RED_RIVER
DOMESTIC_TREE,PART_OF,SMALL_MOUNTAIN
FISH,IS_A,PET
OLD_PEN,PART_OF,NEW_BOOK
FAST_PEN,PART_OF,BIG_RIVER
BIRD,IS_A,FLYING
BIRD,MADE_OF,CAR
DOMESTIC_BOOK,LOCATED_IN,BLUE_RIVER
WILD_CAR,IS_A,CITY
SPARROW,HAS_A,MOUNTAIN
WHALE,HAS_A,CLOUD
SLOW_CITY,MADE_OF,NEW_MOUNTAIN
BIG_PEN,IS_A,RIVER
DOMESTIC_TREE,PART_OF,DOMESTIC_PEN
SMALL_TREE,PART_OF,NEW_STAR
WILD_PEN,LOCATED_IN,SLOW_CLOUD
RED_MOUNTAIN,PART_OF,BLUE_HOUSE
BLUE_CITY,MADE_OF,SLOW_MOUNTAIN
OLD_STAR,MADE_OF,SMALL_CITY
TIGER,LOCATED_IN,RIVER
DOMESTIC_PEN,CAPABLE_OF,BIG_RIVER
CAT,PART_OF,TREE
NEW_CLOUD,CAPABLE_OF,OLD_TREE
BLUE_CLOUD,IS_A,CITY
DOMESTIC_RIVER,IS_A,CAR
NEW_HOUSE,HAS_A,BLUE_PEN
DOMESTIC_CITY,USED_FOR,SLOW_PEN
OLD_STAR,MADE_OF,WILD_PEN
DOMESTIC_PEN,HAS_A,DOMESTIC_STAR
FAST_PEN,CAPABLE_OF,SMALL_RIVER
RED_BOOK,LOCATED_IN,BIG_CITY
FAST_STAR,IS_A,CITY
NEW_CLOUD,PART_OF,NEW_PEN
FAST_PEN,HAS_A,NEW_HOUSE
DOMESTIC_MOUNTAIN,CAPABLE_OF,NEW_STAR
SLOW_HOUSE,HAS_A,RED_RIVER
FAST_CITY,LOCATED_IN,DOMESTIC_CLOUD
LION,IS_A,CARNIVORE
FAST_TREE,USED_FOR,NEW_RIVER
BLUE_MOUNTAIN,IS_A,STAR
NEW_CLOUD,IS_A,BOOK
DOG,CAPABLE_OF,MEOW
SLOW_CAR,IS_A,RIVER
DOG,HAS_A,CAR
BLUE_MOUNTAIN,LOCATED_IN,OLD_RIVER
SMALL_CITY,PART_OF,SMALL_CLOUD
BLUE_CLOUD,USED_FOR,BIG_CAR
BIG_CAR,IS_A,CAR
TIGER,LOCATED_IN,HOUSE
DOMESTIC_CAR,IS_A,TREE
WILD_PEN,MADE_OF,DOMESTIC_HOUSE
WILD_TREE,USED_FOR,SLOW_CLOUD
SHARK,USED_FOR,TREE
BIRD,CAPABLE_OF,BITE
FAST_HOUSE,USED_FOR,OLD_CITY
RED_TREE,IS_A,MOUNTAIN
TIGER,CAPABLE_OF,JUMP
BIG_BOOK,LOCATED_IN,NEW_PEN
BLUE_BOOK,USED_FOR,FAST_CITY
WHALE,USED_FOR,CITY
DOMESTIC_HOUSE,HAS_A,WILD_RIVER
DOMESTIC_MOUNTAIN,LOCATED_IN,RED_MOUNTAIN
BIRD,PART_OF,RIVER
SLOW_TREE,LOCATED_IN,SLOW_MOUNTAIN
FAST_MOUNTAIN,PART_OF,RED_CLOUD
DOG,CAPABLE_OF,SWIM
BIG_CAR,PART_OF,RED_CITY
TIGER,USED_FOR,PEN
FAST_RIVER,HAS_A,SLOW_CITY
OLD_CLOUD,MADE_OF,SMALL_CITY
FAST_CITY,LOCATED_IN,DOMESTIC_CAR
WHALE,CAPABLE_OF,BITE
FAST_CLOUD,MADE_OF,FAST_PEN
FAST_CLOUD,IS_A,CLOUD
WHALE,PART_OF,PEN
RED_CAR,CAPABLE_OF,DOMESTIC_BOOK
BIG_PEN,HAS_A,DOMESTIC_TREE
SLOW_BOOK,USED_FOR,FAST_BOOK
SMALL_TREE,LOCATED_IN,RED_CITY
SHARK,PART_OF,CLOUD
BLUE_TREE,USED_FOR,FAST_HOUSE
DOMESTIC_TREE,IS_A,PEN
DOMESTIC_PEN,USED_FOR,WILD_BOOK
SMALL_CLOUD,MADE_OF,WILD_CAR
BLUE_CAR,CAPABLE_OF,SLOW_CITY
BIG_RIVER,USED_FOR,SLOW_MOUNTAIN
BIRD,PART_OF,HOUSE
NEW_CAR,IS_A,TREE
LION,CAPABLE_OF,BARK
BLUE_MOUNTAIN,LOCATED_IN,SLOW_MOUNTAIN
SHARK,CAPABLE_OF,JUMP
NEW_CLOUD,LOCATED_IN,DOMESTIC_CITY
DOMESTIC_STAR,HAS_A,RED_TREE
WILD_MOUNTAIN,HAS_A,NEW_HOUSE
LION,IS_A,SWIMMING
LION,LOCATED_IN,FOREST
SPARROW,HAS_A,BOOK
BIG_CITY,HAS_A,DOMESTIC_CLOUD
BIG_PEN,MADE_OF,FAST_HOUSE
SMALL_CAR,HAS_A,BLUE_CITY
RED_BOOK,MADE_OF,BLUE_CITY
WILD_BOOK,HAS_A,RED_MOUNTAIN
FISH,IS_A,WILD
NEW_CITY,CAPABLE_OF,FAST_TREE
SHARK,MADE_OF,HOUSE
DOG,PART_OF,HOUSE
WILD_RIVER,USED_FOR,BLUE_CITY
BIRD,HAS_A,TREE
WILD_STAR,LOCATED_IN,BLUE_CLOUD
DOMESTIC_MOUNTAIN,CAPABLE_OF,DOMESTIC_MOUNTAIN
DOMESTIC_CLOUD,HAS_A,SLOW_CLOUD
WILD_CLOUD,MADE_OF,BLUE_STAR
SLOW_HOUSE,CAPABLE_OF,WILD_CITY
FAST_BOOK,CAPABLE_OF,SLOW_RIVER
FAST_MOUNTAIN,IS_A,RIVER
EAGLE,LOCATED_IN,HOUSE
LION,USED_FOR,HOUSE
BIG_BOOK,PART_OF,SMALL_RIVER
OLD_STAR,MADE_OF,FAST_TREE
DOMESTIC_MOUNTAIN,CAPABLE_OF,WILD_PEN
BLUE_CLOUD,IS_A,MOUNTAIN
SLOW_BOOK,LOCATED_IN,FAST_TREE
BLUE_CITY,IS_A,CITY
NEW_HOUSE,LOCATED_IN,DOMESTIC_TREE
SMALL_CAR,LOCATED_IN,DOMESTIC_CLOUD
DOMESTIC_TREE,USED_FOR,DOMESTIC_CLOUD
SLOW_CAR,MADE_OF,SMALL_HOUSE
EAGLE,CAPABLE_OF,JUMP
DOMESTIC_RIVER,LOCATED_IN,SMALL_PEN
LION,MADE_OF,CAR
SLOW_RIVER,IS_A,BOOK
SHARK,LOCATED_IN,HOUSE
WHALE,PART_OF,RIVER
BLUE_TREE,MADE_OF,RED_RIVER
SLOW_BOOK,CAPABLE_OF,DOMESTIC_HOUSE
NEW_MOUNTAIN,LOCATED_IN,RED_STAR
SMALL_HOUSE,MADE_OF,NEW_BOOK
SMALL_CITY,HAS_A,NEW_PEN
OLD_CLOUD,MADE_OF,BIG_CITY
OLD_CITY,PART_OF,DOMESTIC_BOOK
BIG_CITY,CAPABLE_OF,DOMESTIC_PEN
SMALL_CAR,LOCATED_IN,SMALL_STAR
CAT,IS_A,PREDATOR
NEW_MOUNTAIN,PART_OF,SLOW_STAR
SLOW_CITY,USED_FOR,RED_STAR
FISH,LOCATED_IN,WATER
FISH,CAPABLE_OF,SLEEP
BIRD,HAS_A,BOOK
RED_STAR,CAPABLE_OF,SLOW_CLOUD
BIRD,PART_OF,CLOUD
DOMESTIC_CLOUD,LOCATED_IN,OLD_CITY
BIG_BOOK,LOCATED_IN,FAST_MOUNTAIN
OLD_CITY,HAS_A,SMALL_CITY
SHARK,CAPABLE_OF,BARK
FAST_MOUNTAIN,HAS_A,BLUE_PEN
BIG_CAR,USED_FOR,RED_RIVER
OLD_RIVER,CAPABLE_OF,SLOW_RIVER
NEW_CAR,HAS_A,SMALL_MOUNTAIN
OLD_CITY,PART_OF,BLUE_CAR
SHARK,MADE_OF,CLOUD
FAST_STAR,LOCATED_IN,BIG_CITY
SLOW_BOOK,MADE_OF,NEW_MOUNTAIN
NEW_CLOUD,LOCATED_IN,RED_CAR
BLUE_PEN,USED_FOR,RED_CITY
BIRD,LOCATED_IN,SKY
WILD_CLOUD,IS_A,RIVER
WILD_PEN,LOCATED_IN,BIG_HOUSE
DOMESTIC_CAR,PART_OF,BIG_CITY
NEW_PEN,HAS_A,BIG_PEN
SMALL_CAR,LOCATED_IN,SMALL_MOUNTAIN
RED_CLOUD,HAS_A,SMALL_STAR
DOMESTIC_RIVER,LOCATED_IN,FAST_CITY
WILD_RIVER,PART_OF,BIG_STAR
BLUE_PEN,LOCATED_IN,BLUE_CITY
FAST_RIVER,USED_FOR,SMALL_BOOK
FAST_HOUSE,CAPABLE_OF,DOMESTIC_CLOUD
WHALE,HAS_A,TREE
TIGER,HAS_A,STAR
SLOW_HOUSE,USED_FOR,BIG_PEN
BLUE_PEN,USED_FOR,NEW_BOOK
BIRD,USED_FOR,HOUSE
BIG_CLOUD,IS_A,MOUNTAIN
WILD_BOOK,IS_A,MOUNTAIN
SLOW_PEN,IS_A,CITY
RED_RIVER,LOCATED_IN,BIG_HOUSE
BLUE_PEN,MADE_OF,WILD_CITY
SLOW_HOUSE,IS_A,STAR
SMALL_CAR,IS_A,STAR
SLOW_HOUSE,IS_A,CITY
WHALE,MADE_OF,HOUSE
FISH,PART_OF,STAR
SLOW_CITY,MADE_OF,OLD_BOOK
DOG,LOCATED_IN,RIVER
SMALL_CLOUD,CAPABLE_OF,WILD_HOUSE
SMALL_CAR,CAPABLE_OF,NEW_PEN
NEW_CAR,PART_OF,FAST_HOUSE
OLD_HOUSE,CAPABLE_OF,BIG_CITY
DOMESTIC_CAR,LOCATED_IN,SLOW_STAR
WILD_HOUSE,PART_OF,FAST_BOOK
SLOW_MOUNTAIN,PART_OF,SMALL_CAR
LION,IS_A,FLYING
EAGLE,LOCATED_IN,FOREST
FAST_MOUNTAIN,MADE_OF,OLD_BOOK
OLD_PEN,HAS_A,NEW_STAR
WILD_TREE,IS_A,RIVER
WILD_TREE,HAS_A,DOMESTIC_CAR
SLOW_HOUSE,PART_OF,BLUE_PEN
OLD_STAR,PART_OF,DOMESTIC_STAR
BIG_STAR,IS_A,BOOK
LION,MADE_OF,TREE
NEW_MOUNTAIN,PART_OF,SLOW_CLOUD
FAST_BOOK,USED_FOR,SLOW_CAR
FAST_BOOK,USED_FOR,RED_HOUSE
DOMESTIC_CITY,IS_A,BOOK
SHARK,HAS_A,CITY
BIG_BOOK,CAPABLE_OF,RED_BOOK
FAST_HOUSE,CAPABLE_OF,RED_HOUSE
NEW_TREE,IS_A,CLOUD
TIGER,USED_FOR,CLOUD
SLOW_HOUSE,PART_OF,BIG_HOUSE
SHARK,LOCATED_IN,FOREST
BLUE_STAR,LOCATED_IN,NEW_MOUNTAIN
DOMESTIC_CAR,IS_A,STAR
WILD_BOOK,PART_OF,NEW_RIVER
WHALE,PART_OF,CLOUD
BIG_CAR,MADE_OF,FAST_BOOK
SLOW_BOOK,PART_OF,WILD_PEN
SHARK,USED_FOR,STAR
SPARROW,HAS_A,STAR
SLOW_HOUSE,LOCATED_IN,FAST_TREE
BLUE_HOUSE,PART_OF,NEW_HOUSE
WILD_CLOUD,PART_OF,RED_BOOK
CAT,IS_A,WILD
FISH,MADE_OF,CLOUD
SPARROW,USED_FOR,RIVER
DOG,CAPABLE_OF,JUMP
NEW_PEN,USED_FOR,RED_STAR
NEW_HOUSE,MADE_OF,BIG_CLOUD
BLUE_STAR,PART_OF,WILD_STAR
WILD_BOOK,PART_OF,RED_CAR
OLD_PEN,IS_A,CITY
EAGLE,MADE_OF,CAR
SMALL_MOUNTAIN,PART_OF,RED_CAR
TIGER,IS_A,FLYING
OLD_TREE,USED_FOR,SMALL_PEN
RED_BOOK,CAPABLE_OF,BIG_HOUSE
BIG_STAR,MADE_OF,SMALL_MOUNTAIN
SHARK,CAPABLE_OF,BITE
SMALL_MOUNTAIN,USED_FOR,BLUE_STAR
SLOW_PEN,USED_FOR,BLUE_RIVER
CAT,MADE_OF,HOUSE
OLD_CITY,HAS_A,BIG_TREE
RED_CITY,USED_FOR,SMALL_TREE
OLD_MOUNTAIN,CAPABLE_OF,BIG_BOOK
OLD_HOUSE,MADE_OF,DOMESTIC_RIVER
RED_BOOK,USED_FOR,DOMESTIC_CLOUD
FAST_CITY,HAS_A,RED_BOOK
OLD_CLOUD,PART_OF,RED_HOUSE
WILD_CITY,CAPABLE_OF,RED_PEN
SMALL_MOUNTAIN,PART_OF,SLOW_PEN
WHALE,LOCATED_IN,RIVER
NEW_PEN,LOCATED_IN,NEW_CAR
SHARK,MADE_OF,CAR
LION,MADE_OF,BOOK
SLOW_STAR,HAS_A,BLUE_RIVER
NEW_PEN,MADE_OF,BIG_MOUNTAIN
SPARROW,IS_A,ANIMAL
LION,CAPABLE_OF,SLEEP
WHALE,MADE_OF,CLOUD
OLD_TREE,PART_OF,DOMESTIC_CAR
LION,IS_A,MAMMAL
SMALL_CLOUD,MADE_OF,RED_CITY
BIG_TREE,CAPABLE_OF,BLUE_CLOUD
OLD_CAR,LOCATED_IN,BIG_RIVER
SPARROW,PART_OF,TREE
SLOW_MOUNTAIN,PART_OF,FAST_HOUSE
BIRD,MADE_OF,CITY
DOMESTIC_RIVER,HAS_A,SMALL_TREE
SMALL_CAR,HAS_A,BIG_STAR
BIG_CAR,LOCATED_IN,BIG_STAR
BIG_HOUSE,PART_OF,BIG_HOUSE
DOMESTIC_CLOUD,HAS_A,BIG_RIVER
OLD_TREE,IS_A,BOOK
DOMESTIC_CLOUD,USED_FOR,FAST_STAR
SLOW_STAR,MADE_OF,BIG_TREE
DOMESTIC_TREE,LOCATED_IN,DOMESTIC_BOOK
OLD_MOUNTAIN,IS_A,CLOUD
SMALL_CLOUD,IS_A,CITY
WHALE,LOCATED_IN,HOUSE
BIG_BOOK,HAS_A,BIG_TREE
NEW_BOOK,HAS_A,WILD_HOUSE
NEW_CLOUD,MADE_OF,OLD_TREE
RED_CITY,HAS_A,NEW_STAR
OLD_CLOUD,USED_FOR,OLD_CITY
LION,CAPABLE_OF,RUN
SMALL_PEN,MADE_OF,BIG_BOOK
BLUE_TREE,LOCATED_IN,SLOW_STAR
NEW_RIVER,PART_OF,FAST_BOOK
DOMESTIC_BOOK,USED_FOR,FAST_RIVER
CAT,HAS_A,RIVER
BLUE_RIVER,PART_OF,NEW_STAR
RED_TREE,LOCATED_IN,WILD_PEN
OLD_BOOK,USED_FOR,WILD_HOUSE
SLOW_MOUNTAIN,USED_FOR,SLOW_BOOK
CAT,USED_FOR,BOOK
BIG_PEN,HAS_A,DOMESTIC_CLOUD
FAST_TREE,PART_OF,OLD_HOUSE
TIGER,IS_A,MAMMAL
DOMESTIC_PEN,MADE_OF,RED_TREE
TIGER,CAPABLE_OF,SLEEP
BIG_MOUNTAIN,LOCATED_IN,SLOW_HOUSE
TIGER,PART_OF,CLOUD
DOG,CAPABLE_OF,BARK
LION,PART_OF,CITY
WHALE,CAPABLE_OF,BARK
WHALE,IS_A,CARNIVORE
BLUE_HOUSE,USED_FOR,DOMESTIC_RIVER
SLOW_BOOK,MADE_OF,SLOW_PEN
DOG,LOCATED_IN,FOREST
BLUE_TREE,PART_OF,SLOW_HOUSE
EAGLE,IS_A,FLYING
SMALL_HOUSE,LOCATED_IN,OLD_HOUSE
BIG_MOUNTAIN,HAS_A,BIG_MOUNTAIN
BIRD,IS_A,PET
OLD_PEN,MADE_OF,BIG_MOUNTAIN
WILD_STAR,IS_A,MOUNTAIN
NEW_CAR,PART_OF,SMALL_PEN
RED_CITY,IS_A,CITY
RED_MOUNTAIN,LOCATED_IN,SLOW_PEN
SLOW_CITY,USED_FOR,NEW_CLOUD
FAST_BOOK,PART_OF,NEW_MOUNTAIN
EAGLE,MADE_OF,TREE
NEW_CITY,LOCATED_IN,SMALL_PEN
SLOW_BOOK,CAPABLE_OF,SLOW_CAR
FISH,MADE_OF,CAR
SMALL_BOOK,HAS_A,RED_MOUNTAIN
TIGER,CAPABLE_OF,RUN
BLUE_PEN,LOCATED_IN,SLOW_PEN
EAGLE,CAPABLE_OF,FLY
SPARROW,USED_FOR,CLOUD
SLOW_CITY,CAPABLE_OF,NEW_CAR
SMALL_CAR,CAPABLE_OF,BIG_MOUNTAIN
BIG_TREE,LOCATED_IN,NEW_STAR
DOMESTIC_MOUNTAIN,CAPABLE_OF,WILD_HOUSE
NEW_MOUNTAIN,PART_OF,WILD_CLOUD
FAST_TREE,HAS_A,WILD_CAR
WILD_BOOK,CAPABLE_OF,FAST_CITY
FISH,IS_A,PREDATOR
OLD_STAR,MADE_OF,DOMESTIC_MOUNTAIN
SMALL_PEN,MADE_OF,BIG_PEN
RED_HOUSE,IS_A,HOUSE
DOMESTIC_BOOK,IS_A,CITY
LION,LOCATED_IN,OCEAN
RED_CITY,MADE_OF,DOMESTIC_HOUSE
NEW_RIVER,MADE_OF,DOMESTIC_CAR
OLD_PEN,IS_A,MOUNTAIN
BLUE_CAR,CAPABLE_OF,NEW_RIVER
SMALL_BOOK,USED_FOR,BIG_CAR
DOMESTIC_BOOK,USED_FOR,BLUE_MOUNTAIN
FISH,HAS_A,CAR
FAST_BOOK,HAS_A,BIG_MOUNTAIN
BIG_STAR,IS_A,STAR
OLD_TREE,USED_FOR,SLOW_TREE
DOG,MADE_OF,CAR
DOMESTIC_CAR,HAS_A,SMALL_RIVER
SLOW_CAR,IS_A,BOOK
RED_STAR,LOCATED_IN,WILD_RIVER
RED_RIVER,PART_OF,WILD_CAR
SMALL_BOOK,MADE_OF,BIG_CITY
DOMESTIC_STAR,PART_OF,SLOW_TREE
SLOW_RIVER,LOCATED_IN,NEW_CLOUD
RED_STAR,CAPABLE_OF,BLUE_TREE
SLOW_CAR,USED_FOR,OLD_TREE
OLD_BOOK,CAPABLE_OF,DOMESTIC_PEN
BLUE_RIVER,USED_FOR,SLOW_HOUSE
RED_HOUSE,CAPABLE_OF,SLOW_CAR
NEW_MOUNTAIN,USED_FOR,SLOW_CLOUD
OLD_MOUNTAIN,MADE_OF,OLD_CITY
NEW_CAR,IS_A,MOUNTAIN
WHALE,IS_A,SWIMMING
SMALL_RIVER,USED_FOR,NEW_BOOK
SLOW_BOOK,IS_A,CLOUD
DOMESTIC_BOOK,PART_OF,WILD_CLOUD
SMALL_STAR,CAPABLE_OF,BLUE_STAR
TIGER,LOCATED_IN,JUNGLE
FAST_PEN,USED_FOR,WILD_CLOUD
SMALL_CLOUD,PART_OF,RED_TREE
DOMESTIC_CLOUD,HAS_A,SMALL_CITY
SHARK,MADE_OF,BOOK
SLOW_CITY,HAS_A,RED_RIVER
RED_CITY,USED_FOR,WILD_RIVER
RED_HOUSE,CAPABLE_OF,NEW_STAR
BLUE_CITY,HAS_A,SMALL_CAR
SHARK,IS_A,MAMMAL
DOMESTIC_HOUSE,PART_OF,RED_CITY
DOG,MADE_OF,MOUNTAIN
CAT,PART_OF,PEN
OLD_STAR,HAS_A,FAST_HOUSE
WILD_TREE,LOCATED_IN,FAST_CLOUD
WILD_STAR,PART_OF,RED_TREE
BLUE_STAR,IS_A,CLOUD
BLUE_STAR,CAPABLE_OF,BLUE_TREE
DOMESTIC_TREE,CAPABLE_OF,OLD_CLOUD
SMALL_STAR,IS_A,STAR
DOMESTIC_HOUSE,PART_OF,NEW_BOOK
DOG,PART_OF,RIVER
SPARROW,MADE_OF,BOOK
EAGLE,USED_FOR,PEN
NEW_RIVER,IS_A,CITY
SLOW_CLOUD,USED_FOR,SMALL_TREE
NEW_STAR,HAS_A,RED_TREE
FISH,CAPABLE_OF,MEOW
SMALL_PEN,USED_FOR,RED_CLOUD
WILD_HOUSE,CAPABLE_OF,NEW_CAR
DOMESTIC_PEN,USED_FOR,SLOW_TREE
BIRD,CAPABLE_OF,FLY
SMALL_STAR,HAS_A,FAST_PEN
DOG,IS_A,FLYING
NEW_TREE,USED_FOR,BLUE_CITY
FISH,HAS_A,TREE
SHARK,LOCATED_IN,SKY
SLOW_PEN,LOCATED_IN,NEW_STAR
RED_CITY,LOCATED_IN,BIG_MOUNTAIN
NEW_HOUSE,LOCATED_IN,OLD_RIVER
RED_RIVER,USED_FOR,FAST_MOUNTAIN
MAMMAL,HAS_A,HAIR
RED_CITY,PART_OF,WILD_CAR
DOG,MADE_OF,TREE
OLD_CITY,PART_OF,SLOW_STAR
SMALL_RIVER,IS_A,CITY
OLD_CLOUD,PART_OF,BIG_CITY
OLD_CLOUD,MADE_OF,FAST_PEN
RED_CLOUD,HAS_A,RED_PEN
WHALE,MADE_OF,TREE
WILD_CAR,CAPABLE_OF,FAST_MOUNTAIN
TIGER,MADE_OF,STAR
FISH,CAPABLE_OF,SWIM
BIG_HOUSE,CAPABLE_OF,WILD_CITY
OLD_RIVER,PART_OF,DOMESTIC_PEN
SLOW_CLOUD,PART_OF,DOMESTIC_BOOK
OLD_CAR,IS_A,STAR
OLD_CAR,MADE_OF,BIG_TREE
DOMESTIC_TREE,CAPABLE_OF,FAST_STAR
FISH,CAPABLE_OF,BITE
SMALL_STAR,MADE_OF,SMALL_CITY
RED_TREE,LOCATED_IN,SLOW_BOOK
SLOW_CITY,PART_OF,BIG_PEN
BLUE_MOUNTAIN,PART_OF,RED_PEN
NEW_CITY,PART_OF,FAST_BOOK
CAT,CAPABLE_OF,SWIM
WILD_RIVER,IS_A,BOOK
RED_CLOUD,USED_FOR,OLD_CITY
OLD_CLOUD,CAPABLE_OF,FAST_BOOK
CAT,CAPABLE_OF,BITE
RED_PEN,MADE_OF,DOMESTIC_PEN
BIG_TREE,PART_OF,SLOW_BOOK
DOMESTIC_STAR,MADE_OF,OLD_RIVER
RED_CLOUD,IS_A,BOOK
DOMESTIC_BOOK,MADE_OF,SLOW_BOOK
SMALL_CITY,HAS_A,BIG_BOOK
WILD_STAR,CAPABLE_OF,BLUE_CLOUD
BLUE_BOOK,CAPABLE_OF,BLUE_TREE
WILD_PEN,PART_OF,BIG_RIVER
BIRD,CAPABLE_OF,SLEEP
DOMESTIC_TREE,CAPABLE_OF,OLD_PEN
EAGLE,IS_A,CARNIVORE
TIGER,LOCATED_IN,CITY
SMALL_CITY,CAPABLE_OF,DOMESTIC_CITY
EAGLE,USED_FOR,RIVER
DOMESTIC_CITY,LOCATED_IN,SLOW_HOUSE
SHARK,LOCATED_IN,JUNGLE
NEW_PEN,LOCATED_IN,WILD_CITY
RED_CITY,PART_OF,SLOW_TREE
BLUE_CITY,USED_FOR,SLOW_STAR
EAGLE,PART_OF,CAR
RED_CLOUD,LOCATED_IN,SLOW_CAR
OLD_STAR,MADE_OF,RED_PEN
DOMESTIC_PEN,USED_FOR,BIG_PEN
FAST_CITY,PART_OF,BIG_CLOUD
FISH,PART_OF,HOUSE
DOG,IS_A,MAMMAL
SLOW_STAR,IS_A,RIVER
FAST_CAR,USED_FOR,WILD_TREE
FAST_RIVER,PART_OF,BLUE_BOOK
SHARK,IS_A,CARNIVORE
BIRD,USED_FOR,RIVER
SLOW_CLOUD,HAS_A,SMALL_BOOK
FISH,USED_FOR,PEN
SLOW_HOUSE,USED_FOR,NEW_RIVER
NEW_RIVER,HAS_A,WILD_MOUNTAIN
NEW_STAR,USED_FOR,SMALL_MOUNTAIN
FAST_BOOK,PART_OF,BIG_CAR
NEW_STAR,IS_A,CLOUD
DOG,HAS_A,BOOK
LION,PART_OF,BOOK
BIG_MOUNTAIN,IS_A,RIVER
BIG_CITY,USED_FOR,BLUE_BOOK
FISH,LOCATED_IN,RIVER
DOMESTIC_MOUNTAIN,HAS_A,BIG_CLOUD
NEW_MOUNTAIN,IS_A,HOUSE
FAST_TREE,MADE_OF,OLD_CITY
BLUE_STAR,LOCATED_IN,OLD_CITY
WILD_TREE,MADE_OF,BIG_HOUSE
NEW_CLOUD,HAS_A,WILD_CITY
WILD_CLOUD,MADE_OF,WILD_CITY
NEW_PEN,MADE_OF,DOMESTIC_TREE
SMALL_TREE,IS_A,HOUSE
FAST_RIVER,LOCATED_IN,SLOW_RIVER
DOG,CAPABLE_OF,RUN
NEW_MOUNTAIN,HAS_A,RED_CAR
FAST_TREE,USED_FOR,DOMESTIC_BOOK
BLUE_CLOUD,CAPABLE_OF,BIG_CITY
BIG_MOUNTAIN,LOCATED_IN,BLUE_MOUNTAIN
LION,IS_A,PET
LION,IS_A,ANIMAL
DOG,LOCATED_IN,SKY
FAST_STAR,USED_FOR,BIG_MOUNTAIN
SMALL_HOUSE,PART_OF,FAST_RIVER
